insert into player values ('Jebbo', 0, 0);
insert into player values ('Daniel-san', 0, 0);
insert into player values ('Logan', 0, 0);
insert into player values ('Koan', 0, 0);
insert into player values ('Alessandro', 0, 0);
insert into player values ('Adriano', 0, 0);
insert into game values (COUNT_GAME.NEXTVAL, '12-gen-99', null , null);
insert into recap values (0, 'Jebbo', 0, 13, 1); 
insert into recap values (0, 'Daniel-san', 1, 9, 2); 
insert into recap values (0, 'Logan', 2, 0, 3); 
insert into recap values (0, 'Koan', 3, 11, 4); 
insert into recap values (0, 'Alessandro', 4, 3, 5); 
insert into recap values (0, 'Adriano', 5, 6, 6);
update game set numpl = 6 where codgm = 0;
insert into turn values (0, 1, 'Jebbo', 0);
INSERT INTO ownership VALUES (COUNT_OWN.NEXTVAL,'India', 'Jebbo', 3 ,0);
INSERT INTO ownership VALUES (COUNT_OWN.NEXTVAL,'Alaska', 'Jebbo', 3 ,0);
INSERT INTO ownership VALUES (COUNT_OWN.NEXTVAL,'Australia Orientale', 'Jebbo', 3 ,0);
INSERT INTO ownership VALUES (COUNT_OWN.NEXTVAL,'Giappone', 'Jebbo', 2 ,0);
INSERT INTO ownership VALUES (COUNT_OWN.NEXTVAL,'Afghanistan', 'Jebbo', 3 ,0);
INSERT INTO ownership VALUES (COUNT_OWN.NEXTVAL,'Egitto', 'Jebbo', 3 ,0);
INSERT INTO ownership VALUES (COUNT_OWN.NEXTVAL,'Eur Occidentale', 'Jebbo', 3 ,0);
INSERT INTO ownership VALUES (COUNT_OWN.NEXTVAL,'Argentina', 'Daniel-san', 3 ,0);
INSERT INTO ownership VALUES (COUNT_OWN.NEXTVAL,'Islanda', 'Daniel-san', 3 ,0);
INSERT INTO ownership VALUES (COUNT_OWN.NEXTVAL,'Madagascar', 'Daniel-san', 3 ,0);
INSERT INTO ownership VALUES (COUNT_OWN.NEXTVAL,'US Occidentali', 'Daniel-san', 3 ,0);
INSERT INTO ownership VALUES (COUNT_OWN.NEXTVAL,'Alberta', 'Daniel-san', 3 ,0);
INSERT INTO ownership VALUES (COUNT_OWN.NEXTVAL,'Cita', 'Daniel-san', 2 ,0);
INSERT INTO ownership VALUES (COUNT_OWN.NEXTVAL,'Africa del Nord', 'Daniel-san', 3 ,0);
INSERT INTO ownership VALUES (COUNT_OWN.NEXTVAL,'Mongolia', 'Logan', 2 ,0);
INSERT INTO ownership VALUES (COUNT_OWN.NEXTVAL,'Africa del Sud', 'Logan', 3 ,0);
INSERT INTO ownership VALUES (COUNT_OWN.NEXTVAL,'Siam', 'Logan', 3 ,0);
INSERT INTO ownership VALUES (COUNT_OWN.NEXTVAL,'Africa Orientale', 'Logan', 3 ,0);
INSERT INTO ownership VALUES (COUNT_OWN.NEXTVAL,'Venezuela', 'Logan', 3 ,0);
INSERT INTO ownership VALUES (COUNT_OWN.NEXTVAL,'Australia Occidentale', 'Logan', 3 ,0);
INSERT INTO ownership VALUES (COUNT_OWN.NEXTVAL,'Quebec', 'Logan', 3 ,0);
INSERT INTO ownership VALUES (COUNT_OWN.NEXTVAL,'Siberia', 'Koan', 3 ,0);
INSERT INTO ownership VALUES (COUNT_OWN.NEXTVAL,'Brasile', 'Koan', 3 ,0);
INSERT INTO ownership VALUES (COUNT_OWN.NEXTVAL,'US Orientali', 'Koan', 3 ,0);
INSERT INTO ownership VALUES (COUNT_OWN.NEXTVAL,'Medio Oriente', 'Koan', 3 ,0);
INSERT INTO ownership VALUES (COUNT_OWN.NEXTVAL,'Scandinavia', 'Koan', 3 ,0);
INSERT INTO ownership VALUES (COUNT_OWN.NEXTVAL,'Ucraina', 'Koan', 3 ,0);
INSERT INTO ownership VALUES (COUNT_OWN.NEXTVAL,'Territori del Nord-Ovest', 'Koan', 2, 0);
INSERT INTO ownership VALUES (COUNT_OWN.NEXTVAL,'Indonesia', 'Alessandro', 3, 0);
INSERT INTO ownership VALUES (COUNT_OWN.NEXTVAL,'Eur Settentrionale', 'Alessandro', 2, 0);
INSERT INTO ownership VALUES (COUNT_OWN.NEXTVAL,'Eur Meridionale', 'Alessandro', 3, 0);
INSERT INTO ownership VALUES (COUNT_OWN.NEXTVAL,'Gran Bretagna', 'Alessandro', 3, 0);
INSERT INTO ownership VALUES (COUNT_OWN.NEXTVAL,'Urali', 'Alessandro', 3, 0);
INSERT INTO ownership VALUES (COUNT_OWN.NEXTVAL,'Groenlandia', 'Alessandro', 3, 0);
INSERT INTO ownership VALUES (COUNT_OWN.NEXTVAL,'Perù', 'Alessandro', 3, 0);
INSERT INTO ownership VALUES (COUNT_OWN.NEXTVAL,'Congo', 'Adriano', 2, 0);
INSERT INTO ownership VALUES (COUNT_OWN.NEXTVAL,'Ontario', 'Adriano', 3, 0);
INSERT INTO ownership VALUES (COUNT_OWN.NEXTVAL,'Kamchatka', 'Adriano', 3, 0);
INSERT INTO ownership VALUES (COUNT_OWN.NEXTVAL,'Jacuzia', 'Adriano', 3, 0);
INSERT INTO ownership VALUES (COUNT_OWN.NEXTVAL,'Cina', 'Adriano', 3, 0);
INSERT INTO ownership VALUES (COUNT_OWN.NEXTVAL,'Nuova Guinea', 'Adriano', 3, 0);
INSERT INTO ownership VALUES (COUNT_OWN.NEXTVAL,'America Centrale', 'Adriano', 3, 0);
